{"cameraMode":{"drawMode":0,"name":"Shaded","section":"Shading Mode"},"sceneLighting":false,"audioPlay":false,"sceneViewState":{"m_AlwaysRefresh":false,"showFog":true,"showSkybox":false,"showFlares":true,"showImageEffects":true,"showParticleSystems":true,"showVisualEffectGraphs":true,"m_FxEnabled":true},"in2DMode":false,"pivot":{"x":-2.1435513496398927,"y":1.1365324258804322,"z":2.570251226425171},"rotation":{"x":-0.012014836072921753,"y":0.8960681557655335,"z":-0.024176793172955514,"w":-0.4431755840778351},"size":0.06928205490112305,"orthographic":false}