{"cameraMode":{"drawMode":0,"name":"Shaded","section":"Shading Mode"},"sceneLighting":false,"audioPlay":false,"sceneViewState":{"m_AlwaysRefresh":false,"showFog":true,"showSkybox":false,"showFlares":true,"showImageEffects":true,"showParticleSystems":true,"showVisualEffectGraphs":true,"m_FxEnabled":true},"in2DMode":false,"pivot":{"x":0.35857656598091128,"y":1.9720982313156129,"z":2.0792999267578127},"rotation":{"x":0.16650865972042085,"y":-0.6541640162467957,"z":0.15070384740829469,"w":0.722327470779419},"size":0.08660249412059784,"orthographic":false}